PDB	Mutation	ddg_stability	rank
uby_1UBQ	A M1A	1.30182	730
uby_1UBQ	A M1C	1.60199	795
uby_1UBQ	A M1D	2.53857	938
uby_1UBQ	A M1E	2.48583	933
uby_1UBQ	A M1F	1.20449	702
uby_1UBQ	A M1G	2.25134	903
uby_1UBQ	A M1H	1.41094	759
uby_1UBQ	A M1I	-1.1524	171
uby_1UBQ	A M1K	1.97502	858
uby_1UBQ	A M1L	0.233705	476
uby_1UBQ	A M1N	1.23682	718
uby_1UBQ	A M1P	2.64915	954
uby_1UBQ	A M1Q	1.22596	712
uby_1UBQ	A M1R	2.08353	872
uby_1UBQ	A M1S	2.16281	886
uby_1UBQ	A M1T	1.50467	774
uby_1UBQ	A M1V	0.556312	553
uby_1UBQ	A M1W	-0.768648	235
uby_1UBQ	A M1Y	1.01787	658
uby_1UBQ	A Q2A	0.62572	569
uby_1UBQ	A Q2C	0.459361	532
uby_1UBQ	A Q2D	2.55582	942
uby_1UBQ	A Q2E	0.580022	560
uby_1UBQ	A Q2F	-0.86957	216
uby_1UBQ	A Q2G	1.78461	829
uby_1UBQ	A Q2H	0.445063	528
uby_1UBQ	A Q2I	-1.56371	122
uby_1UBQ	A Q2K	0.220753	473
uby_1UBQ	A Q2L	-0.672834	253
uby_1UBQ	A Q2M	-0.758982	237
uby_1UBQ	A Q2N	1.15075	688
uby_1UBQ	A Q2P	1.45048	767
uby_1UBQ	A Q2R	-0.370375	315
uby_1UBQ	A Q2S	1.29557	729
uby_1UBQ	A Q2T	-0.56392	267
uby_1UBQ	A Q2V	-2.07274	75
uby_1UBQ	A Q2W	-2.47047	47
uby_1UBQ	A Q2Y	-1.43316	138
uby_1UBQ	A I3A	6.19244	1259
uby_1UBQ	A I3C	6.25923	1265
uby_1UBQ	A I3D	11.1395	1392
uby_1UBQ	A I3E	9.35181	1367
uby_1UBQ	A I3F	2.43111	926
uby_1UBQ	A I3G	8.58799	1343
uby_1UBQ	A I3H	4.36052	1129
uby_1UBQ	A I3K	10.8827	1389
uby_1UBQ	A I3L	1.76547	825
uby_1UBQ	A I3M	3.30917	1024
uby_1UBQ	A I3N	8.11266	1332
uby_1UBQ	A I3P	7.77384	1321
uby_1UBQ	A I3Q	5.72408	1214
uby_1UBQ	A I3R	11.9956	1406
uby_1UBQ	A I3S	7.38089	1305
uby_1UBQ	A I3T	5.34326	1190
uby_1UBQ	A I3V	2.57404	945
uby_1UBQ	A I3W	10.609	1388
uby_1UBQ	A I3Y	3.71568	1069
uby_1UBQ	A F4A	4.30685	1122
uby_1UBQ	A F4C	4.62413	1150
uby_1UBQ	A F4D	7.13836	1298
uby_1UBQ	A F4E	4.49847	1139
uby_1UBQ	A F4G	6.21296	1261
uby_1UBQ	A F4H	3.2782	1018
uby_1UBQ	A F4I	2.25945	904
uby_1UBQ	A F4K	3.68227	1067
uby_1UBQ	A F4L	1.59935	794
uby_1UBQ	A F4M	4.15506	1113
uby_1UBQ	A F4N	3.79693	1077
uby_1UBQ	A F4P	9.09772	1356
uby_1UBQ	A F4Q	3.14176	1006
uby_1UBQ	A F4R	3.80418	1080
uby_1UBQ	A F4S	5.87718	1232
uby_1UBQ	A F4T	4.70854	1155
uby_1UBQ	A F4V	2.33581	915
uby_1UBQ	A F4W	1.50794	775
uby_1UBQ	A F4Y	0.143462	451
uby_1UBQ	A V5A	5.1579	1180
uby_1UBQ	A V5C	4.33635	1126
uby_1UBQ	A V5D	9.36399	1368
uby_1UBQ	A V5E	9.45708	1370
uby_1UBQ	A V5F	3.12644	1004
uby_1UBQ	A V5G	7.94223	1327
uby_1UBQ	A V5H	5.66972	1212
uby_1UBQ	A V5I	0.165217	461
uby_1UBQ	A V5K	13.3819	1420
uby_1UBQ	A V5L	2.17507	891
uby_1UBQ	A V5M	3.81927	1081
uby_1UBQ	A V5N	5.52532	1204
uby_1UBQ	A V5P	11.5684	1401
uby_1UBQ	A V5Q	5.3686	1191
uby_1UBQ	A V5R	15.7948	1433
uby_1UBQ	A V5S	5.80293	1221
uby_1UBQ	A V5T	4.023	1101
uby_1UBQ	A V5W	12.9408	1416
uby_1UBQ	A V5Y	5.30615	1187
uby_1UBQ	A K6A	1.38157	753
uby_1UBQ	A K6C	0.580606	561
uby_1UBQ	A K6D	3.19173	1015
uby_1UBQ	A K6E	1.05595	667
uby_1UBQ	A K6F	-1.57905	114
uby_1UBQ	A K6G	3.16601	1009
uby_1UBQ	A K6H	-0.867026	218
uby_1UBQ	A K6I	-0.803782	231
uby_1UBQ	A K6L	-1.12848	176
uby_1UBQ	A K6M	0.0193665	413
uby_1UBQ	A K6N	1.97099	857
uby_1UBQ	A K6P	5.74781	1216
uby_1UBQ	A K6Q	-0.00222647	406
uby_1UBQ	A K6R	0.909021	632
uby_1UBQ	A K6S	1.88034	848
uby_1UBQ	A K6T	-0.530932	272
uby_1UBQ	A K6V	-0.702512	248
uby_1UBQ	A K6W	-2.72215	30
uby_1UBQ	A K6Y	-1.71565	98
uby_1UBQ	A T7A	2.23565	900
uby_1UBQ	A T7C	2.21916	898
uby_1UBQ	A T7D	2.05259	866
uby_1UBQ	A T7E	4.05826	1103
uby_1UBQ	A T7F	-0.300786	332
uby_1UBQ	A T7G	2.83754	977
uby_1UBQ	A T7H	1.2335	716
uby_1UBQ	A T7I	1.44514	766
uby_1UBQ	A T7K	3.53894	1049
uby_1UBQ	A T7L	-0.00194426	407
uby_1UBQ	A T7M	1.38007	751
uby_1UBQ	A T7N	3.39043	1032
uby_1UBQ	A T7P	3.15206	1008
uby_1UBQ	A T7Q	1.30368	731
uby_1UBQ	A T7R	5.13614	1177
uby_1UBQ	A T7S	1.36638	748
uby_1UBQ	A T7V	2.34153	916
uby_1UBQ	A T7W	-0.893455	207
uby_1UBQ	A T7Y	1.37239	749
uby_1UBQ	A L8A	1.67097	809
uby_1UBQ	A L8C	1.88765	849
uby_1UBQ	A L8D	3.1175	1003
uby_1UBQ	A L8E	2.23304	899
uby_1UBQ	A L8F	0.962431	641
uby_1UBQ	A L8G	2.13503	880
uby_1UBQ	A L8H	1.69673	816
uby_1UBQ	A L8I	0.678791	582
uby_1UBQ	A L8K	2.3331	913
uby_1UBQ	A L8M	1.1107	680
uby_1UBQ	A L8N	1.43546	763
uby_1UBQ	A L8P	-0.0145974	399
uby_1UBQ	A L8Q	0.754498	601
uby_1UBQ	A L8R	2.12303	878
uby_1UBQ	A L8S	1.34194	740
uby_1UBQ	A L8T	0.967404	643
uby_1UBQ	A L8V	1.09156	677
uby_1UBQ	A L8W	0.476614	535
uby_1UBQ	A L8Y	1.68678	815
uby_1UBQ	A T9A	0.547827	550
uby_1UBQ	A T9C	0.879466	625
uby_1UBQ	A T9D	0.854632	620
uby_1UBQ	A T9E	0.96387	642
uby_1UBQ	A T9F	-0.0105599	403
uby_1UBQ	A T9G	0.876691	624
uby_1UBQ	A T9H	0.402434	518
uby_1UBQ	A T9I	0.152932	456
uby_1UBQ	A T9K	0.149186	453
uby_1UBQ	A T9L	-0.0139352	400
uby_1UBQ	A T9M	0.475341	534
uby_1UBQ	A T9N	-0.242174	348
uby_1UBQ	A T9P	0.967474	644
uby_1UBQ	A T9Q	0.0691601	429
uby_1UBQ	A T9R	1.18507	697
uby_1UBQ	A T9S	0.536133	547
uby_1UBQ	A T9V	0.286765	493
uby_1UBQ	A T9W	-0.451171	292
uby_1UBQ	A T9Y	-0.372708	310
uby_1UBQ	A G10A	3.96349	1097
uby_1UBQ	A G10C	3.8565	1090
uby_1UBQ	A G10D	3.47913	1041
uby_1UBQ	A G10E	4.61217	1148
uby_1UBQ	A G10F	3.43377	1038
uby_1UBQ	A G10H	3.50623	1044
uby_1UBQ	A G10I	7.39535	1307
uby_1UBQ	A G10K	2.83587	976
uby_1UBQ	A G10L	3.7275	1071
uby_1UBQ	A G10M	3.53485	1046
uby_1UBQ	A G10N	1.35947	743
uby_1UBQ	A G10P	101.227	1442
uby_1UBQ	A G10Q	3.55725	1053
uby_1UBQ	A G10R	3.65447	1064
uby_1UBQ	A G10S	4.13506	1111
uby_1UBQ	A G10T	7.01544	1293
uby_1UBQ	A G10V	7.50207	1308
uby_1UBQ	A G10W	4.94465	1169
uby_1UBQ	A G10Y	3.10276	1001
uby_1UBQ	A K11A	2.54914	940
uby_1UBQ	A K11C	2.69576	959
uby_1UBQ	A K11D	4.09936	1107
uby_1UBQ	A K11E	4.23886	1119
uby_1UBQ	A K11F	4.09545	1106
uby_1UBQ	A K11G	3.49082	1042
uby_1UBQ	A K11H	3.41184	1035
uby_1UBQ	A K11I	1.78579	830
uby_1UBQ	A K11L	1.68621	814
uby_1UBQ	A K11M	2.95778	989
uby_1UBQ	A K11N	2.45036	932
uby_1UBQ	A K11P	11.3924	1397
uby_1UBQ	A K11Q	1.33303	737
uby_1UBQ	A K11R	2.53373	936
uby_1UBQ	A K11S	3.05174	995
uby_1UBQ	A K11T	2.54944	941
uby_1UBQ	A K11V	1.85445	842
uby_1UBQ	A K11W	3.93304	1095
uby_1UBQ	A K11Y	3.91426	1094
uby_1UBQ	A T12A	1.20871	704
uby_1UBQ	A T12C	0.656387	576
uby_1UBQ	A T12D	4.11507	1109
uby_1UBQ	A T12E	1.3796	750
uby_1UBQ	A T12F	-0.892416	209
uby_1UBQ	A T12G	2.87375	980
uby_1UBQ	A T12H	1.83015	839
uby_1UBQ	A T12I	-2.39556	51
uby_1UBQ	A T12K	1.39097	755
uby_1UBQ	A T12L	0.304422	498
uby_1UBQ	A T12M	-1.22011	165
uby_1UBQ	A T12N	1.8492	841
uby_1UBQ	A T12P	1.35924	742
uby_1UBQ	A T12Q	0.33326	503
uby_1UBQ	A T12R	1.19458	698
uby_1UBQ	A T12S	2.14403	884
uby_1UBQ	A T12V	-2.16648	66
uby_1UBQ	A T12W	-0.643592	260
uby_1UBQ	A T12Y	-0.255209	345
uby_1UBQ	A I13A	3.90133	1093
uby_1UBQ	A I13C	4.18307	1116
uby_1UBQ	A I13D	8.16256	1334
uby_1UBQ	A I13E	7.5244	1309
uby_1UBQ	A I13F	4.34627	1127
uby_1UBQ	A I13G	4.69197	1153
uby_1UBQ	A I13H	3.37969	1030
uby_1UBQ	A I13K	5.62058	1211
uby_1UBQ	A I13L	0.893743	628
uby_1UBQ	A I13M	2.69995	962
uby_1UBQ	A I13N	4.65077	1152
uby_1UBQ	A I13P	3.29795	1021
uby_1UBQ	A I13Q	3.5237	1045
uby_1UBQ	A I13R	6.89546	1289
uby_1UBQ	A I13S	3.80089	1079
uby_1UBQ	A I13T	3.61752	1061
uby_1UBQ	A I13V	1.52331	780
uby_1UBQ	A I13W	3.8442	1086
uby_1UBQ	A I13Y	3.845	1088
uby_1UBQ	A T14A	0.0491841	421
uby_1UBQ	A T14C	-0.267022	343
uby_1UBQ	A T14D	2.40864	923
uby_1UBQ	A T14E	1.19912	700
uby_1UBQ	A T14F	1.89836	850
uby_1UBQ	A T14G	0.633945	571
uby_1UBQ	A T14H	1.51033	777
uby_1UBQ	A T14I	-1.60687	109
uby_1UBQ	A T14K	1.58227	793
uby_1UBQ	A T14L	0.040932	418
uby_1UBQ	A T14M	-1.28658	152
uby_1UBQ	A T14N	0.850604	618
uby_1UBQ	A T14P	1.07874	674
uby_1UBQ	A T14Q	-0.0601565	391
uby_1UBQ	A T14R	1.24674	721
uby_1UBQ	A T14S	1.00766	654
uby_1UBQ	A T14V	-1.56522	121
uby_1UBQ	A T14W	1.92271	854
uby_1UBQ	A T14Y	1.7743	827
uby_1UBQ	A L15A	4.63645	1151
uby_1UBQ	A L15C	5.48776	1200
uby_1UBQ	A L15D	9.72472	1374
uby_1UBQ	A L15E	7.55669	1311
uby_1UBQ	A L15F	-0.274249	342
uby_1UBQ	A L15G	6.61387	1278
uby_1UBQ	A L15H	4.27613	1121
uby_1UBQ	A L15I	1.62258	796
uby_1UBQ	A L15K	10.0277	1379
uby_1UBQ	A L15M	3.79376	1076
uby_1UBQ	A L15N	5.80977	1223
uby_1UBQ	A L15P	5.9372	1238
uby_1UBQ	A L15Q	4.41071	1132
uby_1UBQ	A L15R	11.4734	1399
uby_1UBQ	A L15S	7.10676	1297
uby_1UBQ	A L15T	5.87774	1233
uby_1UBQ	A L15V	2.93841	986
uby_1UBQ	A L15W	6.76052	1285
uby_1UBQ	A L15Y	0.527174	544
uby_1UBQ	A E16A	0.448815	529
uby_1UBQ	A E16C	-0.418863	297
uby_1UBQ	A E16D	0.164295	460
uby_1UBQ	A E16F	-1.64348	102
uby_1UBQ	A E16G	0.973802	646
uby_1UBQ	A E16H	-0.915216	204
uby_1UBQ	A E16I	-0.723508	244
uby_1UBQ	A E16K	0.249199	479
uby_1UBQ	A E16L	-0.757642	238
uby_1UBQ	A E16M	-0.5212	275
uby_1UBQ	A E16N	-0.547781	269
uby_1UBQ	A E16P	1.8194	834
uby_1UBQ	A E16Q	-0.0416131	394
uby_1UBQ	A E16R	0.796016	609
uby_1UBQ	A E16S	0.273265	484
uby_1UBQ	A E16T	-0.274387	341
uby_1UBQ	A E16V	-1.13762	173
uby_1UBQ	A E16W	-1.5863	113
uby_1UBQ	A E16Y	-1.36889	142
uby_1UBQ	A V17A	2.32824	912
uby_1UBQ	A V17C	2.57104	944
uby_1UBQ	A V17D	9.22818	1360
uby_1UBQ	A V17E	8.17576	1335
uby_1UBQ	A V17F	2.34852	917
uby_1UBQ	A V17G	3.54561	1051
uby_1UBQ	A V17H	1.06064	669
uby_1UBQ	A V17I	2.1159	876
uby_1UBQ	A V17K	7.5683	1313
uby_1UBQ	A V17L	2.36218	918
uby_1UBQ	A V17M	3.88919	1092
uby_1UBQ	A V17N	3.791	1075
uby_1UBQ	A V17P	6.18325	1258
uby_1UBQ	A V17Q	4.54505	1144
uby_1UBQ	A V17R	9.20748	1359
uby_1UBQ	A V17S	3.18507	1014
uby_1UBQ	A V17T	2.94601	987
uby_1UBQ	A V17W	3.55224	1052
uby_1UBQ	A V17Y	2.44318	928
uby_1UBQ	A E18A	-0.998799	191
uby_1UBQ	A E18C	-1.47918	134
uby_1UBQ	A E18D	0.68453	583
uby_1UBQ	A E18F	-0.696224	251
uby_1UBQ	A E18G	0.10248	438
uby_1UBQ	A E18H	-1.02874	187
uby_1UBQ	A E18I	0.660795	577
uby_1UBQ	A E18K	-1.29828	151
uby_1UBQ	A E18L	-1.31578	149
uby_1UBQ	A E18M	-0.76295	236
uby_1UBQ	A E18N	-1.17731	169
uby_1UBQ	A E18P	5.14698	1178
uby_1UBQ	A E18Q	-1.22692	163
uby_1UBQ	A E18R	-0.278992	338
uby_1UBQ	A E18S	-0.372242	311
uby_1UBQ	A E18T	-0.248475	347
uby_1UBQ	A E18V	-0.298649	333
uby_1UBQ	A E18W	0.000754391	409
uby_1UBQ	A E18Y	-1.56625	120
uby_1UBQ	A S19A	0.0527998	423
uby_1UBQ	A S19C	1.00136	652
uby_1UBQ	A S19D	2.7491	967
uby_1UBQ	A S19E	1.27948	726
uby_1UBQ	A S19F	0.952811	638
uby_1UBQ	A S19G	1.2429	719
uby_1UBQ	A S19H	0.666342	579
uby_1UBQ	A S19I	0.571024	556
uby_1UBQ	A S19K	0.210146	468
uby_1UBQ	A S19L	-0.210628	356
uby_1UBQ	A S19M	-0.524465	273
uby_1UBQ	A S19N	1.56463	788
uby_1UBQ	A S19P	-2.26403	56
uby_1UBQ	A S19Q	-1.52838	129
uby_1UBQ	A S19R	1.1098	679
uby_1UBQ	A S19T	0.125864	445
uby_1UBQ	A S19V	-0.111758	383
uby_1UBQ	A S19W	0.83474	615
uby_1UBQ	A S19Y	0.691089	585
uby_1UBQ	A S20A	-0.0124033	401
uby_1UBQ	A S20C	0.272107	483
uby_1UBQ	A S20D	0.574519	557
uby_1UBQ	A S20E	0.531526	545
uby_1UBQ	A S20F	0.607467	566
uby_1UBQ	A S20G	0.340888	506
uby_1UBQ	A S20H	0.694406	587
uby_1UBQ	A S20I	0.535275	546
uby_1UBQ	A S20K	-0.241423	349
uby_1UBQ	A S20L	-0.375138	309
uby_1UBQ	A S20M	0.0120231	411
uby_1UBQ	A S20N	-0.387421	303
uby_1UBQ	A S20P	5.96714	1248
uby_1UBQ	A S20Q	-0.157777	371
uby_1UBQ	A S20R	-0.985882	195
uby_1UBQ	A S20T	0.133311	447
uby_1UBQ	A S20V	0.35624	509
uby_1UBQ	A S20W	0.989346	650
uby_1UBQ	A S20Y	0.652698	575
uby_1UBQ	A D21A	-1.88411	84
uby_1UBQ	A D21C	-0.861301	220
uby_1UBQ	A D21E	-0.389397	302
uby_1UBQ	A D21F	-2.56799	41
uby_1UBQ	A D21G	0.758621	602
uby_1UBQ	A D21H	-2.46692	48
uby_1UBQ	A D21I	-0.849376	225
uby_1UBQ	A D21K	-0.514938	277
uby_1UBQ	A D21L	-2.89064	28
uby_1UBQ	A D21M	-2.65156	33
uby_1UBQ	A D21N	-0.126112	378
uby_1UBQ	A D21P	6.79835	1287
uby_1UBQ	A D21Q	-2.25422	57
uby_1UBQ	A D21R	-0.113848	382
uby_1UBQ	A D21S	0.433548	526
uby_1UBQ	A D21T	0.476716	536
uby_1UBQ	A D21V	0.593451	563
uby_1UBQ	A D21W	-3.88025	5
uby_1UBQ	A D21Y	-2.63938	34
uby_1UBQ	A T22A	0.452599	531
uby_1UBQ	A T22C	0.259185	481
uby_1UBQ	A T22D	1.65772	804
uby_1UBQ	A T22E	1.6323	798
uby_1UBQ	A T22F	-1.53826	126
uby_1UBQ	A T22G	2.06232	869
uby_1UBQ	A T22H	-1.09507	179
uby_1UBQ	A T22I	2.36921	919
uby_1UBQ	A T22K	-0.09117	386
uby_1UBQ	A T22L	-2.23461	60
uby_1UBQ	A T22M	0.273656	485
uby_1UBQ	A T22N	-0.345724	322
uby_1UBQ	A T22P	-0.667942	255
uby_1UBQ	A T22Q	-0.11934	380
uby_1UBQ	A T22R	0.945731	637
uby_1UBQ	A T22S	0.157615	458
uby_1UBQ	A T22V	1.53666	781
uby_1UBQ	A T22W	-0.402056	299
uby_1UBQ	A T22Y	-3.15878	21
uby_1UBQ	A I23A	3.73813	1072
uby_1UBQ	A I23C	4.35275	1128
uby_1UBQ	A I23D	9.27266	1363
uby_1UBQ	A I23E	7.68153	1318
uby_1UBQ	A I23F	1.86845	845
uby_1UBQ	A I23G	6.03487	1253
uby_1UBQ	A I23H	3.79859	1078
uby_1UBQ	A I23K	11.7261	1404
uby_1UBQ	A I23L	5.92751	1237
uby_1UBQ	A I23M	3.37776	1029
uby_1UBQ	A I23N	4.44893	1137
uby_1UBQ	A I23P	5.82367	1225
uby_1UBQ	A I23Q	4.06272	1104
uby_1UBQ	A I23R	14.8459	1426
uby_1UBQ	A I23S	5.89144	1235
uby_1UBQ	A I23T	4.05072	1102
uby_1UBQ	A I23V	1.13614	686
uby_1UBQ	A I23W	9.36622	1369
uby_1UBQ	A I23Y	5.45816	1199
uby_1UBQ	A D24A	-3.43444	15
uby_1UBQ	A D24C	-2.61575	36
uby_1UBQ	A D24E	-2.50244	44
uby_1UBQ	A D24F	-3.86247	6
uby_1UBQ	A D24G	-2.11073	70
uby_1UBQ	A D24H	-3.40291	16
uby_1UBQ	A D24I	-2.23529	59
uby_1UBQ	A D24K	-3.50006	11
uby_1UBQ	A D24L	-3.62236	10
uby_1UBQ	A D24M	-2.40233	50
uby_1UBQ	A D24N	-1.77851	96
uby_1UBQ	A D24P	7.04599	1295
uby_1UBQ	A D24Q	-2.58242	39
uby_1UBQ	A D24R	-2.1074	71
uby_1UBQ	A D24S	-2.23228	61
uby_1UBQ	A D24T	-1.80087	94
uby_1UBQ	A D24V	-0.892151	210
uby_1UBQ	A D24W	-4.30383	4
uby_1UBQ	A D24Y	-4.46217	1
uby_1UBQ	A N25A	-0.856164	221
uby_1UBQ	A N25C	0.218878	472
uby_1UBQ	A N25D	-0.0118866	402
uby_1UBQ	A N25E	0.225094	475
uby_1UBQ	A N25F	-2.61004	38
uby_1UBQ	A N25G	0.0569922	424
uby_1UBQ	A N25H	-0.385154	306
uby_1UBQ	A N25I	-0.789618	233
uby_1UBQ	A N25K	0.734709	595
uby_1UBQ	A N25L	-0.546953	270
uby_1UBQ	A N25M	-0.73325	241
uby_1UBQ	A N25P	13.4682	1422
uby_1UBQ	A N25Q	-0.514889	278
uby_1UBQ	A N25R	-0.614675	264
uby_1UBQ	A N25S	-0.395453	300
uby_1UBQ	A N25T	-1.24836	158
uby_1UBQ	A N25V	-0.446309	294
uby_1UBQ	A N25W	-2.13994	67
uby_1UBQ	A N25Y	-1.60634	110
uby_1UBQ	A V26A	3.60654	1057
uby_1UBQ	A V26C	4.4268	1134
uby_1UBQ	A V26D	9.29966	1365
uby_1UBQ	A V26E	8.42076	1340
uby_1UBQ	A V26F	3.82327	1082
uby_1UBQ	A V26G	6.57373	1276
uby_1UBQ	A V26H	5.53044	1205
uby_1UBQ	A V26I	0.861271	622
uby_1UBQ	A V26K	12.9849	1417
uby_1UBQ	A V26L	1.5413	783
uby_1UBQ	A V26M	3.58963	1054
uby_1UBQ	A V26N	5.95984	1244
uby_1UBQ	A V26P	19.7599	1439
uby_1UBQ	A V26Q	5.49496	1201
uby_1UBQ	A V26R	12.0023	1407
uby_1UBQ	A V26S	5.60203	1210
uby_1UBQ	A V26T	2.93039	985
uby_1UBQ	A V26W	9.25444	1362
uby_1UBQ	A V26Y	4.73188	1156
uby_1UBQ	A K27A	1.92141	853
uby_1UBQ	A K27C	2.7391	966
uby_1UBQ	A K27D	7.61356	1315
uby_1UBQ	A K27E	5.93834	1239
uby_1UBQ	A K27F	0.97493	647
uby_1UBQ	A K27G	4.53307	1142
uby_1UBQ	A K27H	1.38278	754
uby_1UBQ	A K27I	2.60766	948
uby_1UBQ	A K27L	1.03602	661
uby_1UBQ	A K27M	0.0719883	431
uby_1UBQ	A K27N	2.54454	939
uby_1UBQ	A K27P	14.9564	1427
uby_1UBQ	A K27Q	1.20448	701
uby_1UBQ	A K27R	4.84707	1165
uby_1UBQ	A K27S	4.17449	1115
uby_1UBQ	A K27T	3.77295	1074
uby_1UBQ	A K27V	3.84003	1085
uby_1UBQ	A K27W	-0.145992	376
uby_1UBQ	A K27Y	0.439991	527
uby_1UBQ	A S28A	-1.24978	157
uby_1UBQ	A S28C	-0.711311	246
uby_1UBQ	A S28D	1.76511	824
uby_1UBQ	A S28E	0.647718	574
uby_1UBQ	A S28F	-0.644609	259
uby_1UBQ	A S28G	0.276194	487
uby_1UBQ	A S28H	-1.40212	140
uby_1UBQ	A S28I	-1.83196	89
uby_1UBQ	A S28K	-2.17727	65
uby_1UBQ	A S28L	-2.08263	73
uby_1UBQ	A S28M	-1.35729	145
uby_1UBQ	A S28N	-1.16961	170
uby_1UBQ	A S28P	10.1912	1381
uby_1UBQ	A S28Q	-2.20916	63
uby_1UBQ	A S28R	-1.72541	97
uby_1UBQ	A S28T	-0.378917	307
uby_1UBQ	A S28V	-1.25935	156
uby_1UBQ	A S28W	-2.52568	43
uby_1UBQ	A S28Y	-0.8496	224
uby_1UBQ	A K29A	-0.667193	256
uby_1UBQ	A K29C	0.0999226	437
uby_1UBQ	A K29D	2.33549	914
uby_1UBQ	A K29E	1.33554	738
uby_1UBQ	A K29F	-2.12265	68
uby_1UBQ	A K29G	1.46466	771
uby_1UBQ	A K29H	-0.366387	317
uby_1UBQ	A K29I	-1.37194	141
uby_1UBQ	A K29L	-2.40948	49
uby_1UBQ	A K29M	-1.23721	161
uby_1UBQ	A K29N	-0.308474	331
uby_1UBQ	A K29P	9.82477	1377
uby_1UBQ	A K29Q	-1.25961	155
uby_1UBQ	A K29R	0.432773	525
uby_1UBQ	A K29S	0.77137	603
uby_1UBQ	A K29T	0.17598	464
uby_1UBQ	A K29V	-0.369623	316
uby_1UBQ	A K29W	-2.69881	31
uby_1UBQ	A K29Y	-2.35502	53
uby_1UBQ	A I30A	5.50122	1202
uby_1UBQ	A I30C	5.97364	1249
uby_1UBQ	A I30D	11.5401	1400
uby_1UBQ	A I30E	9.09554	1355
uby_1UBQ	A I30F	1.5747	792
uby_1UBQ	A I30G	9.49213	1372
uby_1UBQ	A I30H	5.75829	1217
uby_1UBQ	A I30K	12.2243	1410
uby_1UBQ	A I30L	2.40899	924
uby_1UBQ	A I30M	3.14611	1007
uby_1UBQ	A I30N	4.84339	1163
uby_1UBQ	A I30P	17.9653	1437
uby_1UBQ	A I30Q	5.40844	1196
uby_1UBQ	A I30R	13.8526	1424
uby_1UBQ	A I30S	8.4035	1339
uby_1UBQ	A I30T	5.53101	1206
uby_1UBQ	A I30V	2.81815	974
uby_1UBQ	A I30W	4.44053	1135
uby_1UBQ	A I30Y	3.21611	1016
uby_1UBQ	A Q31A	0.374453	512
uby_1UBQ	A Q31C	1.36204	744
uby_1UBQ	A Q31D	3.83481	1083
uby_1UBQ	A Q31E	1.13386	684
uby_1UBQ	A Q31F	-2.48116	46
uby_1UBQ	A Q31G	2.72991	965
uby_1UBQ	A Q31H	-1.63071	104
uby_1UBQ	A Q31I	7.14228	1299
uby_1UBQ	A Q31K	0.449261	530
uby_1UBQ	A Q31L	-1.24265	159
uby_1UBQ	A Q31M	-0.349995	319
uby_1UBQ	A Q31N	1.40493	757
uby_1UBQ	A Q31P	15.2034	1429
uby_1UBQ	A Q31R	1.31367	733
uby_1UBQ	A Q31S	2.48595	934
uby_1UBQ	A Q31T	1.06118	670
uby_1UBQ	A Q31V	2.88672	982
uby_1UBQ	A Q31W	0.276021	486
uby_1UBQ	A Q31Y	-2.68434	32
uby_1UBQ	A D32A	-1.56812	118
uby_1UBQ	A D32C	-0.733068	242
uby_1UBQ	A D32E	-0.630399	262
uby_1UBQ	A D32F	-1.27636	154
uby_1UBQ	A D32G	-0.151834	375
uby_1UBQ	A D32H	-0.463053	287
uby_1UBQ	A D32I	-1.80902	91
uby_1UBQ	A D32K	-1.35946	144
uby_1UBQ	A D32L	-1.83829	87
uby_1UBQ	A D32M	-1.03187	184
uby_1UBQ	A D32N	-1.33327	147
uby_1UBQ	A D32P	13.8096	1423
uby_1UBQ	A D32Q	-1.51714	131
uby_1UBQ	A D32R	-0.223993	353
uby_1UBQ	A D32S	-0.597053	266
uby_1UBQ	A D32T	-1.00562	188
uby_1UBQ	A D32V	-1.62397	107
uby_1UBQ	A D32W	-2.22048	62
uby_1UBQ	A D32Y	-1.53903	125
uby_1UBQ	A K33A	0.35387	508
uby_1UBQ	A K33C	0.506319	542
uby_1UBQ	A K33D	2.1074	874
uby_1UBQ	A K33E	0.820551	612
uby_1UBQ	A K33F	-0.561394	268
uby_1UBQ	A K33G	2.1079	875
uby_1UBQ	A K33H	0.672566	580
uby_1UBQ	A K33I	-0.363905	318
uby_1UBQ	A K33L	-0.698011	250
uby_1UBQ	A K33M	-0.494551	284
uby_1UBQ	A K33N	0.168567	463
uby_1UBQ	A K33P	9.20189	1358
uby_1UBQ	A K33Q	-0.318991	328
uby_1UBQ	A K33R	1.56656	789
uby_1UBQ	A K33S	1.16128	689
uby_1UBQ	A K33T	0.495919	540
uby_1UBQ	A K33V	-1.14028	172
uby_1UBQ	A K33W	0.413569	521
uby_1UBQ	A K33Y	-0.970979	198
uby_1UBQ	A E34A	1.70597	818
uby_1UBQ	A E34C	1.82847	838
uby_1UBQ	A E34D	2.87089	979
uby_1UBQ	A E34F	2.0598	868
uby_1UBQ	A E34G	3.30766	1023
uby_1UBQ	A E34H	3.60855	1058
uby_1UBQ	A E34I	1.53987	782
uby_1UBQ	A E34K	2.57925	946
uby_1UBQ	A E34L	-0.0455488	393
uby_1UBQ	A E34M	0.548549	551
uby_1UBQ	A E34N	1.31787	734
uby_1UBQ	A E34P	9.97316	1378
uby_1UBQ	A E34Q	-0.940617	201
uby_1UBQ	A E34R	4.4469	1136
uby_1UBQ	A E34S	1.30712	732
uby_1UBQ	A E34T	-0.241151	350
uby_1UBQ	A E34V	0.972361	645
uby_1UBQ	A E34W	0.9047	631
uby_1UBQ	A E34Y	2.10171	873
uby_1UBQ	A G35A	2.28256	908
uby_1UBQ	A G35C	2.27881	905
uby_1UBQ	A G35D	3.38191	1031
uby_1UBQ	A G35E	2.28011	907
uby_1UBQ	A G35F	4.75271	1158
uby_1UBQ	A G35H	5.90323	1236
uby_1UBQ	A G35I	4.32858	1125
uby_1UBQ	A G35K	1.5474	784
uby_1UBQ	A G35L	1.84694	840
uby_1UBQ	A G35M	1.67589	812
uby_1UBQ	A G35N	0.418901	522
uby_1UBQ	A G35P	102.175	1443
uby_1UBQ	A G35Q	1.36595	747
uby_1UBQ	A G35R	2.04259	863
uby_1UBQ	A G35S	2.62116	949
uby_1UBQ	A G35T	4.98643	1171
uby_1UBQ	A G35V	4.8035	1160
uby_1UBQ	A G35W	4.84201	1162
uby_1UBQ	A G35Y	4.49546	1138
uby_1UBQ	A I36A	4.86832	1167
uby_1UBQ	A I36C	4.58444	1145
uby_1UBQ	A I36D	7.25876	1303
uby_1UBQ	A I36E	6.68232	1281
uby_1UBQ	A I36F	0.619344	567
uby_1UBQ	A I36G	7.25017	1301
uby_1UBQ	A I36H	3.13629	1005
uby_1UBQ	A I36K	4.77088	1159
uby_1UBQ	A I36L	2.1528	885
uby_1UBQ	A I36M	4.31496	1124
uby_1UBQ	A I36N	4.39785	1130
uby_1UBQ	A I36P	3.85838	1091
uby_1UBQ	A I36Q	3.96967	1098
uby_1UBQ	A I36R	6.44779	1269
uby_1UBQ	A I36S	6.00519	1250
uby_1UBQ	A I36T	3.67088	1065
uby_1UBQ	A I36V	1.54749	785
uby_1UBQ	A I36W	-0.495515	283
uby_1UBQ	A I36Y	0.636244	573
uby_1UBQ	A P37A	2.90932	983
uby_1UBQ	A P37C	2.85706	978
uby_1UBQ	A P37D	3.61432	1060
uby_1UBQ	A P37E	2.42277	925
uby_1UBQ	A P37F	3.08116	998
uby_1UBQ	A P37G	5.86562	1228
uby_1UBQ	A P37H	4.08361	1105
uby_1UBQ	A P37I	2.99873	992
uby_1UBQ	A P37K	3.16698	1010
uby_1UBQ	A P37L	1.94436	855
uby_1UBQ	A P37M	3.3073	1022
uby_1UBQ	A P37N	2.69306	958
uby_1UBQ	A P37Q	2.16414	887
uby_1UBQ	A P37R	1.98775	859
uby_1UBQ	A P37S	3.50544	1043
uby_1UBQ	A P37T	3.2958	1020
uby_1UBQ	A P37V	2.82242	975
uby_1UBQ	A P37W	3.10957	1002
uby_1UBQ	A P37Y	3.42826	1037
uby_1UBQ	A P38A	2.19177	894
uby_1UBQ	A P38C	2.97984	991
uby_1UBQ	A P38D	5.32085	1189
uby_1UBQ	A P38E	4.54479	1143
uby_1UBQ	A P38F	4.62051	1149
uby_1UBQ	A P38G	3.70961	1068
uby_1UBQ	A P38H	3.33624	1026
uby_1UBQ	A P38I	1.63243	799
uby_1UBQ	A P38K	2.12216	877
uby_1UBQ	A P38L	5.31312	1188
uby_1UBQ	A P38M	2.44344	929
uby_1UBQ	A P38N	2.69788	960
uby_1UBQ	A P38Q	2.66856	955
uby_1UBQ	A P38R	3.35307	1027
uby_1UBQ	A P38S	3.07853	997
uby_1UBQ	A P38T	2.07986	871
uby_1UBQ	A P38V	1.71804	821
uby_1UBQ	A P38W	5.0198	1172
uby_1UBQ	A P38Y	4.50274	1140
uby_1UBQ	A D39A	-0.456969	290
uby_1UBQ	A D39C	0.166519	462
uby_1UBQ	A D39E	0.151205	454
uby_1UBQ	A D39F	-1.63805	103
uby_1UBQ	A D39G	0.18131	466
uby_1UBQ	A D39H	-0.295387	334
uby_1UBQ	A D39I	-0.385705	305
uby_1UBQ	A D39K	-0.513445	279
uby_1UBQ	A D39L	-0.371298	312
uby_1UBQ	A D39M	0.0410928	419
uby_1UBQ	A D39N	-0.517674	276
uby_1UBQ	A D39P	-1.12496	177
uby_1UBQ	A D39Q	-0.204205	359
uby_1UBQ	A D39R	0.0935866	434
uby_1UBQ	A D39S	-0.642534	261
uby_1UBQ	A D39T	-0.20369	361
uby_1UBQ	A D39V	-0.521869	274
uby_1UBQ	A D39W	-1.62899	105
uby_1UBQ	A D39Y	-1.52707	130
uby_1UBQ	A Q40A	1.27134	724
uby_1UBQ	A Q40C	1.26125	723
uby_1UBQ	A Q40D	2.53493	937
uby_1UBQ	A Q40E	2.40518	921
uby_1UBQ	A Q40F	-3.33456	17
uby_1UBQ	A Q40G	2.97954	990
uby_1UBQ	A Q40H	-1.18848	168
uby_1UBQ	A Q40I	-1.47013	135
uby_1UBQ	A Q40K	1.22824	713
uby_1UBQ	A Q40L	0.285975	491
uby_1UBQ	A Q40M	-0.326036	326
uby_1UBQ	A Q40N	0.16414	459
uby_1UBQ	A Q40P	6.19721	1260
uby_1UBQ	A Q40R	1.51121	778
uby_1UBQ	A Q40S	2.64633	953
uby_1UBQ	A Q40T	-0.17542	367
uby_1UBQ	A Q40V	0.0613874	425
uby_1UBQ	A Q40W	-4.34769	2
uby_1UBQ	A Q40Y	-3.03476	23
uby_1UBQ	A Q41A	2.95426	988
uby_1UBQ	A Q41C	3.18067	1013
uby_1UBQ	A Q41D	9.50046	1373
uby_1UBQ	A Q41E	5.96009	1245
uby_1UBQ	A Q41F	1.49803	773
uby_1UBQ	A Q41G	6.68305	1282
uby_1UBQ	A Q41H	3.00868	993
uby_1UBQ	A Q41I	-1.32992	148
uby_1UBQ	A Q41K	10.2315	1382
uby_1UBQ	A Q41L	-0.216295	355
uby_1UBQ	A Q41M	0.0873306	433
uby_1UBQ	A Q41N	4.13957	1112
uby_1UBQ	A Q41P	8.6263	1345
uby_1UBQ	A Q41R	13.2143	1418
uby_1UBQ	A Q41S	5.15526	1179
uby_1UBQ	A Q41T	5.26934	1186
uby_1UBQ	A Q41V	1.19862	699
uby_1UBQ	A Q41W	8.61746	1344
uby_1UBQ	A Q41Y	2.92466	984
uby_1UBQ	A R42A	-0.17301	369
uby_1UBQ	A R42C	-0.507434	280
uby_1UBQ	A R42D	-1.937	79
uby_1UBQ	A R42E	0.292768	494
uby_1UBQ	A R42F	-0.103061	384
uby_1UBQ	A R42G	2.05777	867
uby_1UBQ	A R42H	-0.740081	240
uby_1UBQ	A R42I	-3.6997	8
uby_1UBQ	A R42K	-0.984074	196
uby_1UBQ	A R42L	-2.37962	52
uby_1UBQ	A R42M	-1.83455	88
uby_1UBQ	A R42N	-0.237261	351
uby_1UBQ	A R42P	11.1561	1393
uby_1UBQ	A R42Q	-1.45291	137
uby_1UBQ	A R42S	-0.337324	324
uby_1UBQ	A R42T	-0.996661	192
uby_1UBQ	A R42V	-2.81362	29
uby_1UBQ	A R42W	-1.0908	180
uby_1UBQ	A R42Y	-0.252691	346
uby_1UBQ	A L43A	6.35149	1268
uby_1UBQ	A L43C	6.5461	1274
uby_1UBQ	A L43D	10.918	1390
uby_1UBQ	A L43E	9.47866	1371
uby_1UBQ	A L43F	4.52493	1141
uby_1UBQ	A L43G	8.00051	1329
uby_1UBQ	A L43H	3.61064	1059
uby_1UBQ	A L43I	1.46289	770
uby_1UBQ	A L43K	12.3395	1412
uby_1UBQ	A L43M	2.44688	930
uby_1UBQ	A L43N	6.76136	1286
uby_1UBQ	A L43P	3.93402	1096
uby_1UBQ	A L43Q	5.74124	1215
uby_1UBQ	A L43R	16.6491	1435
uby_1UBQ	A L43S	8.33157	1338
uby_1UBQ	A L43T	7.60652	1314
uby_1UBQ	A L43V	3.17958	1012
uby_1UBQ	A L43W	7.0691	1296
uby_1UBQ	A L43Y	6.24478	1263
uby_1UBQ	A I44A	3.07415	996
uby_1UBQ	A I44C	2.69936	961
uby_1UBQ	A I44D	5.05575	1173
uby_1UBQ	A I44E	2.06784	870
uby_1UBQ	A I44F	-4.32127	3
uby_1UBQ	A I44G	4.39811	1131
uby_1UBQ	A I44H	-0.788115	234
uby_1UBQ	A I44K	2.76239	969
uby_1UBQ	A I44L	0.378353	513
uby_1UBQ	A I44M	1.32483	736
uby_1UBQ	A I44N	3.17832	1011
uby_1UBQ	A I44P	11.3862	1396
uby_1UBQ	A I44Q	1.41683	760
uby_1UBQ	A I44R	4.2683	1120
uby_1UBQ	A I44S	2.88169	981
uby_1UBQ	A I44T	2.16798	888
uby_1UBQ	A I44V	0.482321	538
uby_1UBQ	A I44W	-3.47409	13
uby_1UBQ	A I44Y	-3.32793	18
uby_1UBQ	A F45A	6.27164	1266
uby_1UBQ	A F45C	5.9642	1246
uby_1UBQ	A F45D	10.2355	1383
uby_1UBQ	A F45E	9.09025	1354
uby_1UBQ	A F45G	9.0621	1353
uby_1UBQ	A F45H	3.41106	1034
uby_1UBQ	A F45I	7.14954	1300
uby_1UBQ	A F45K	6.7028	1284
uby_1UBQ	A F45L	6.46708	1271
uby_1UBQ	A F45M	5.43945	1197
uby_1UBQ	A F45N	6.58597	1277
uby_1UBQ	A F45P	17.9602	1436
uby_1UBQ	A F45Q	5.78357	1219
uby_1UBQ	A F45R	6.51556	1273
uby_1UBQ	A F45S	6.92467	1291
uby_1UBQ	A F45T	8.75366	1349
uby_1UBQ	A F45V	6.55098	1275
uby_1UBQ	A F45W	0.215858	470
uby_1UBQ	A F45Y	-0.278266	339
uby_1UBQ	A A46C	-0.216999	354
uby_1UBQ	A A46D	-0.275255	340
uby_1UBQ	A A46E	0.00677206	410
uby_1UBQ	A A46F	2.13863	882
uby_1UBQ	A A46G	-0.00131906	408
uby_1UBQ	A A46H	-0.34788	321
uby_1UBQ	A A46I	1.67018	807
uby_1UBQ	A A46K	-1.13547	174
uby_1UBQ	A A46L	-1.46619	136
uby_1UBQ	A A46M	-0.828245	228
uby_1UBQ	A A46N	-1.58753	112
uby_1UBQ	A A46P	15.3982	1431
uby_1UBQ	A A46Q	-1.42086	139
uby_1UBQ	A A46R	-0.429429	295
uby_1UBQ	A A46S	0.419178	523
uby_1UBQ	A A46T	2.24538	901
uby_1UBQ	A A46V	2.68842	957
uby_1UBQ	A A46W	-1.53745	127
uby_1UBQ	A A46Y	-0.168594	370
uby_1UBQ	A G47A	1.7115	820
uby_1UBQ	A G47C	1.29114	727
uby_1UBQ	A G47D	1.32478	735
uby_1UBQ	A G47E	1.67445	810
uby_1UBQ	A G47F	1.22332	711
uby_1UBQ	A G47H	0.936517	636
uby_1UBQ	A G47I	3.53573	1047
uby_1UBQ	A G47K	0.726651	592
uby_1UBQ	A G47L	1.44427	765
uby_1UBQ	A G47M	1.20885	705
uby_1UBQ	A G47N	-0.153613	373
uby_1UBQ	A G47P	91.4004	1441
uby_1UBQ	A G47Q	1.1033	678
uby_1UBQ	A G47R	1.2212	709
uby_1UBQ	A G47S	2.14178	883
uby_1UBQ	A G47T	2.71862	963
uby_1UBQ	A G47V	3.7715	1073
uby_1UBQ	A G47W	1.86667	844
uby_1UBQ	A G47Y	1.66421	806
uby_1UBQ	A K48A	0.329217	501
uby_1UBQ	A K48C	0.0959748	435
uby_1UBQ	A K48D	1.70927	819
uby_1UBQ	A K48E	1.03765	662
uby_1UBQ	A K48F	-0.85354	222
uby_1UBQ	A K48G	1.85457	843
uby_1UBQ	A K48H	0.279425	488
uby_1UBQ	A K48I	-1.8171	90
uby_1UBQ	A K48L	-1.55499	123
uby_1UBQ	A K48M	-1.2369	162
uby_1UBQ	A K48N	-0.125394	379
uby_1UBQ	A K48P	8.00369	1330
uby_1UBQ	A K48Q	-0.620402	263
uby_1UBQ	A K48R	0.922734	633
uby_1UBQ	A K48S	1.23549	717
uby_1UBQ	A K48T	-0.349878	320
uby_1UBQ	A K48V	-1.53921	124
uby_1UBQ	A K48W	-1.03364	183
uby_1UBQ	A K48Y	-1.10365	178
uby_1UBQ	A Q49A	0.547751	549
uby_1UBQ	A Q49C	0.744233	600
uby_1UBQ	A Q49D	-0.371024	313
uby_1UBQ	A Q49E	0.59776	565
uby_1UBQ	A Q49F	-0.287562	335
uby_1UBQ	A Q49G	2.29356	909
uby_1UBQ	A Q49H	-0.850293	223
uby_1UBQ	A Q49I	-1.08778	181
uby_1UBQ	A Q49K	0.853686	619
uby_1UBQ	A Q49L	-0.503989	281
uby_1UBQ	A Q49M	1.00925	655
uby_1UBQ	A Q49N	0.780071	605
uby_1UBQ	A Q49P	-0.868785	217
uby_1UBQ	A Q49R	1.43042	762
uby_1UBQ	A Q49S	1.16703	694
uby_1UBQ	A Q49T	-0.878426	213
uby_1UBQ	A Q49V	-0.861367	219
uby_1UBQ	A Q49W	0.151279	455
uby_1UBQ	A Q49Y	-0.924931	202
uby_1UBQ	A L50A	5.39058	1195
uby_1UBQ	A L50C	6.07442	1255
uby_1UBQ	A L50D	9.13047	1357
uby_1UBQ	A L50E	8.72685	1348
uby_1UBQ	A L50F	3.84765	1089
uby_1UBQ	A L50G	8.47729	1341
uby_1UBQ	A L50H	5.37809	1192
uby_1UBQ	A L50I	7.39103	1306
uby_1UBQ	A L50K	12.1891	1409
uby_1UBQ	A L50M	2.16972	890
uby_1UBQ	A L50N	5.09	1175
uby_1UBQ	A L50P	10.3818	1385
uby_1UBQ	A L50Q	4.10668	1108
uby_1UBQ	A L50R	12.6622	1414
uby_1UBQ	A L50S	7.71701	1320
uby_1UBQ	A L50T	5.86768	1229
uby_1UBQ	A L50V	5.20842	1184
uby_1UBQ	A L50W	15.0067	1428
uby_1UBQ	A L50Y	9.3142	1366
uby_1UBQ	A E51A	1.1251	682
uby_1UBQ	A E51C	1.16538	693
uby_1UBQ	A E51D	2.52631	935
uby_1UBQ	A E51F	0.246283	478
uby_1UBQ	A E51G	2.76566	970
uby_1UBQ	A E51H	0.0687833	428
uby_1UBQ	A E51I	0.124703	443
uby_1UBQ	A E51K	1.0577	668
uby_1UBQ	A E51L	0.300675	497
uby_1UBQ	A E51M	1.04495	663
uby_1UBQ	A E51N	1.01055	656
uby_1UBQ	A E51P	3.45138	1039
uby_1UBQ	A E51Q	0.336595	504
uby_1UBQ	A E51R	2.19285	896
uby_1UBQ	A E51S	1.35057	741
uby_1UBQ	A E51T	1.20992	706
uby_1UBQ	A E51V	0.110168	440
uby_1UBQ	A E51W	1.01285	657
uby_1UBQ	A E51Y	0.11403	442
uby_1UBQ	A D52A	0.843547	617
uby_1UBQ	A D52C	1.48932	772
uby_1UBQ	A D52E	0.739277	596
uby_1UBQ	A D52F	2.40621	922
uby_1UBQ	A D52G	0.285267	490
uby_1UBQ	A D52H	1.76548	826
uby_1UBQ	A D52I	2.75059	968
uby_1UBQ	A D52K	2.01651	862
uby_1UBQ	A D52L	1.39151	756
uby_1UBQ	A D52M	1.54863	786
uby_1UBQ	A D52N	-0.532087	271
uby_1UBQ	A D52P	-0.821277	229
uby_1UBQ	A D52Q	0.904606	630
uby_1UBQ	A D52R	0.569295	554
uby_1UBQ	A D52S	1.77501	828
uby_1UBQ	A D52T	1.50979	776
uby_1UBQ	A D52V	2.13634	881
uby_1UBQ	A D52W	1.43826	764
uby_1UBQ	A D52Y	2.67944	956
uby_1UBQ	A G53A	-0.187958	364
uby_1UBQ	A G53C	0.111828	441
uby_1UBQ	A G53D	0.281734	489
uby_1UBQ	A G53E	0.136997	448
uby_1UBQ	A G53F	-0.386843	304
uby_1UBQ	A G53H	0.0340284	417
uby_1UBQ	A G53I	0.142058	450
uby_1UBQ	A G53K	-0.370581	314
uby_1UBQ	A G53L	-0.446385	293
uby_1UBQ	A G53M	-0.0880876	387
uby_1UBQ	A G53N	-0.702773	247
uby_1UBQ	A G53P	-0.27988	337
uby_1UBQ	A G53Q	-0.266495	344
uby_1UBQ	A G53R	0.070743	430
uby_1UBQ	A G53S	-0.226456	352
uby_1UBQ	A G53T	0.044767	420
uby_1UBQ	A G53V	0.125045	444
uby_1UBQ	A G53W	-0.899842	206
uby_1UBQ	A G53Y	-0.999919	190
uby_1UBQ	A R54A	0.297383	496
uby_1UBQ	A R54C	0.105233	439
uby_1UBQ	A R54D	0.960557	640
uby_1UBQ	A R54E	0.730108	593
uby_1UBQ	A R54F	-0.848407	226
uby_1UBQ	A R54G	1.29237	728
uby_1UBQ	A R54H	-1.22024	164
uby_1UBQ	A R54I	2.79194	972
uby_1UBQ	A R54K	-0.173391	368
uby_1UBQ	A R54L	-0.609565	265
uby_1UBQ	A R54M	-0.15723	372
uby_1UBQ	A R54N	-1.24116	160
uby_1UBQ	A R54P	2.24544	902
uby_1UBQ	A R54Q	-1.67925	101
uby_1UBQ	A R54S	1.71926	822
uby_1UBQ	A R54T	1.65544	803
uby_1UBQ	A R54V	3.21743	1017
uby_1UBQ	A R54W	-0.742008	239
uby_1UBQ	A R54Y	-0.0734622	389
uby_1UBQ	A T55A	0.569757	555
uby_1UBQ	A T55C	0.387233	515
uby_1UBQ	A T55D	3.53696	1048
uby_1UBQ	A T55E	1.67043	808
uby_1UBQ	A T55F	-0.728338	243
uby_1UBQ	A T55G	1.62812	797
uby_1UBQ	A T55H	0.199005	467
uby_1UBQ	A T55I	1.82096	836
uby_1UBQ	A T55K	-0.00278239	405
uby_1UBQ	A T55L	-0.37673	308
uby_1UBQ	A T55M	0.22385	474
uby_1UBQ	A T55N	0.636136	572
uby_1UBQ	A T55P	2.19256	895
uby_1UBQ	A T55Q	0.371425	511
uby_1UBQ	A T55R	-1.20101	166
uby_1UBQ	A T55S	-0.209048	358
uby_1UBQ	A T55V	0.497893	541
uby_1UBQ	A T55W	0.0670544	427
uby_1UBQ	A T55Y	-0.813112	230
uby_1UBQ	A L56A	4.85981	1166
uby_1UBQ	A L56C	5.86782	1230
uby_1UBQ	A L56D	9.28164	1364
uby_1UBQ	A L56E	7.55444	1310
uby_1UBQ	A L56F	5.95437	1242
uby_1UBQ	A L56G	7.66453	1316
uby_1UBQ	A L56H	8.11021	1331
uby_1UBQ	A L56I	5.54966	1208
uby_1UBQ	A L56K	11.7067	1403
uby_1UBQ	A L56M	2.77752	971
uby_1UBQ	A L56N	4.84347	1164
uby_1UBQ	A L56P	8.26506	1337
uby_1UBQ	A L56Q	5.54665	1207
uby_1UBQ	A L56R	11.4416	1398
uby_1UBQ	A L56S	6.94524	1292
uby_1UBQ	A L56T	6.22873	1262
uby_1UBQ	A L56V	6.69312	1283
uby_1UBQ	A L56W	12.5585	1413
uby_1UBQ	A L56Y	9.80618	1376
uby_1UBQ	A S57A	-0.181948	365
uby_1UBQ	A S57C	0.861119	621
uby_1UBQ	A S57D	2.12955	879
uby_1UBQ	A S57E	0.8153	611
uby_1UBQ	A S57F	1.12681	683
uby_1UBQ	A S57G	0.421852	524
uby_1UBQ	A S57H	1.17176	695
uby_1UBQ	A S57I	0.575438	558
uby_1UBQ	A S57K	0.0249665	414
uby_1UBQ	A S57L	0.350181	507
uby_1UBQ	A S57M	1.06666	671
uby_1UBQ	A S57N	1.57052	790
uby_1UBQ	A S57P	14.6244	1425
uby_1UBQ	A S57Q	-0.834562	227
uby_1UBQ	A S57R	1.04518	664
uby_1UBQ	A S57T	2.19844	897
uby_1UBQ	A S57V	0.930806	635
uby_1UBQ	A S57W	0.628144	570
uby_1UBQ	A S57Y	0.791729	607
uby_1UBQ	A D58A	-0.917866	203
uby_1UBQ	A D58C	-0.0609452	390
uby_1UBQ	A D58E	0.983675	649
uby_1UBQ	A D58F	-2.99287	25
uby_1UBQ	A D58G	0.929732	634
uby_1UBQ	A D58H	-1.68825	100
uby_1UBQ	A D58I	0.824504	613
uby_1UBQ	A D58K	0.709753	589
uby_1UBQ	A D58L	-0.0476923	392
uby_1UBQ	A D58M	-0.337158	325
uby_1UBQ	A D58N	0.339223	505
uby_1UBQ	A D58P	12.6808	1415
uby_1UBQ	A D58Q	-0.879356	212
uby_1UBQ	A D58R	1.82078	835
uby_1UBQ	A D58S	-1.86345	86
uby_1UBQ	A D58T	-2.92829	27
uby_1UBQ	A D58V	-0.423038	296
uby_1UBQ	A D58W	-1.89609	83
uby_1UBQ	A D58Y	-3.0331	24
uby_1UBQ	A Y59A	5.95971	1243
uby_1UBQ	A Y59C	7.29086	1304
uby_1UBQ	A Y59D	10.3072	1384
uby_1UBQ	A Y59E	7.84638	1322
uby_1UBQ	A Y59F	0.57545	559
uby_1UBQ	A Y59G	7.93449	1326
uby_1UBQ	A Y59H	3.60431	1056
uby_1UBQ	A Y59I	11.2159	1394
uby_1UBQ	A Y59K	8.58636	1342
uby_1UBQ	A Y59L	7.56325	1312
uby_1UBQ	A Y59M	5.06193	1174
uby_1UBQ	A Y59N	6.05311	1254
uby_1UBQ	A Y59P	12.1155	1408
uby_1UBQ	A Y59Q	6.2556	1264
uby_1UBQ	A Y59R	9.79081	1375
uby_1UBQ	A Y59S	7.86631	1324
uby_1UBQ	A Y59T	7.95064	1328
uby_1UBQ	A Y59V	8.14127	1333
uby_1UBQ	A Y59W	1.20772	703
uby_1UBQ	A N60A	1.79377	832
uby_1UBQ	A N60C	1.07964	675
uby_1UBQ	A N60D	1.65204	802
uby_1UBQ	A N60E	1.78623	831
uby_1UBQ	A N60F	1.98856	860
uby_1UBQ	A N60G	0.241198	477
uby_1UBQ	A N60H	1.04669	665
uby_1UBQ	A N60I	3.99022	1099
uby_1UBQ	A N60K	0.741115	599
uby_1UBQ	A N60L	1.65843	805
uby_1UBQ	A N60M	1.82278	837
uby_1UBQ	A N60P	13.4078	1421
uby_1UBQ	A N60Q	0.902117	629
uby_1UBQ	A N60R	1.67949	813
uby_1UBQ	A N60S	2.16805	889
uby_1UBQ	A N60T	3.64018	1063
uby_1UBQ	A N60V	3.32625	1025
uby_1UBQ	A N60W	2.64533	952
uby_1UBQ	A N60Y	1.16134	690
uby_1UBQ	A I61A	5.8591	1227
uby_1UBQ	A I61C	5.52516	1203
uby_1UBQ	A I61D	10.4942	1387
uby_1UBQ	A I61E	11.6652	1402
uby_1UBQ	A I61F	3.68132	1066
uby_1UBQ	A I61G	8.95105	1352
uby_1UBQ	A I61H	5.20236	1183
uby_1UBQ	A I61K	13.3752	1419
uby_1UBQ	A I61L	4.31463	1123
uby_1UBQ	A I61M	6.62222	1279
uby_1UBQ	A I61N	6.81555	1288
uby_1UBQ	A I61P	15.7583	1432
uby_1UBQ	A I61Q	8.23709	1336
uby_1UBQ	A I61R	17.9774	1438
uby_1UBQ	A I61S	5.83485	1226
uby_1UBQ	A I61T	4.80818	1161
uby_1UBQ	A I61V	0.832355	614
uby_1UBQ	A I61W	15.2638	1430
uby_1UBQ	A I61Y	6.01758	1252
uby_1UBQ	A Q62A	1.57193	791
uby_1UBQ	A Q62C	0.884314	627
uby_1UBQ	A Q62D	2.44739	931
uby_1UBQ	A Q62E	1.24294	720
uby_1UBQ	A Q62F	-0.484929	285
uby_1UBQ	A Q62G	0.740018	597
uby_1UBQ	A Q62H	0.321672	500
uby_1UBQ	A Q62I	0.15529	457
uby_1UBQ	A Q62K	0.390306	517
uby_1UBQ	A Q62L	0.178499	465
uby_1UBQ	A Q62M	1.38152	752
uby_1UBQ	A Q62N	0.794761	608
uby_1UBQ	A Q62P	1.87748	847
uby_1UBQ	A Q62R	1.64698	801
uby_1UBQ	A Q62S	1.06926	672
uby_1UBQ	A Q62T	-0.283559	336
uby_1UBQ	A Q62V	-0.180259	366
uby_1UBQ	A Q62W	0.526941	543
uby_1UBQ	A Q62Y	-0.203733	360
uby_1UBQ	A K63A	-0.666818	257
uby_1UBQ	A K63C	-0.323595	327
uby_1UBQ	A K63D	1.51497	779
uby_1UBQ	A K63E	0.131637	446
uby_1UBQ	A K63F	0.411173	520
uby_1UBQ	A K63G	0.953539	639
uby_1UBQ	A K63H	2.30865	911
uby_1UBQ	A K63I	0.551519	552
uby_1UBQ	A K63L	3.0927	1000
uby_1UBQ	A K63M	0.662873	578
uby_1UBQ	A K63N	0.25521	480
uby_1UBQ	A K63P	-2.309	54
uby_1UBQ	A K63Q	-0.66921	254
uby_1UBQ	A K63R	1.33885	739
uby_1UBQ	A K63S	-0.195927	362
uby_1UBQ	A K63T	1.25097	722
uby_1UBQ	A K63V	1.27577	725
uby_1UBQ	A K63W	1.36372	745
uby_1UBQ	A K63Y	0.146551	452
uby_1UBQ	A E64A	-0.1152	381
uby_1UBQ	A E64C	-0.80028	232
uby_1UBQ	A E64D	-0.455309	291
uby_1UBQ	A E64F	-1.57419	116
uby_1UBQ	A E64G	-3.14542	22
uby_1UBQ	A E64H	-1.02992	186
uby_1UBQ	A E64I	1.87609	846
uby_1UBQ	A E64K	-1.27942	153
uby_1UBQ	A E64L	-1.29961	150
uby_1UBQ	A E64M	-0.39093	301
uby_1UBQ	A E64N	-2.58165	40
uby_1UBQ	A E64P	30.9793	1440
uby_1UBQ	A E64Q	-1.00122	189
uby_1UBQ	A E64R	0.593119	562
uby_1UBQ	A E64S	-0.0309992	396
uby_1UBQ	A E64T	2.43832	927
uby_1UBQ	A E64V	1.91016	852
uby_1UBQ	A E64W	0.0491927	422
uby_1UBQ	A E64Y	-2.6135	37
uby_1UBQ	A S65A	-0.972944	197
uby_1UBQ	A S65C	0.014288	412
uby_1UBQ	A S65D	0.983185	648
uby_1UBQ	A S65E	1.03041	659
uby_1UBQ	A S65F	-0.0941742	385
uby_1UBQ	A S65G	0.882775	626
uby_1UBQ	A S65H	-1.80828	92
uby_1UBQ	A S65I	1.00287	653
uby_1UBQ	A S65K	-0.309678	330
uby_1UBQ	A S65L	0.286231	492
uby_1UBQ	A S65M	-0.210602	357
uby_1UBQ	A S65N	0.740891	598
uby_1UBQ	A S65P	4.70059	1154
uby_1UBQ	A S65Q	-1.52841	128
uby_1UBQ	A S65R	2.04288	864
uby_1UBQ	A S65T	0.841552	616
uby_1UBQ	A S65V	-0.721592	245
uby_1UBQ	A S65W	-0.682809	252
uby_1UBQ	A S65Y	-0.317165	329
uby_1UBQ	A T66A	1.64557	800
uby_1UBQ	A T66C	0.388597	516
uby_1UBQ	A T66D	4.20181	1117
uby_1UBQ	A T66E	2.04623	865
uby_1UBQ	A T66F	-2.11097	69
uby_1UBQ	A T66G	3.02928	994
uby_1UBQ	A T66H	1.13523	685
uby_1UBQ	A T66I	-1.56728	119
uby_1UBQ	A T66K	1.22837	714
uby_1UBQ	A T66L	-1.71512	99
uby_1UBQ	A T66M	-0.880051	211
uby_1UBQ	A T66N	1.90598	851
uby_1UBQ	A T66P	1.22211	710
uby_1UBQ	A T66Q	0.329389	502
uby_1UBQ	A T66R	2.27926	906
uby_1UBQ	A T66S	1.96537	856
uby_1UBQ	A T66V	-1.51538	132
uby_1UBQ	A T66W	0.0265682	415
uby_1UBQ	A T66Y	-2.18163	64
uby_1UBQ	A L67A	6.6515	1280
uby_1UBQ	A L67C	5.9499	1241
uby_1UBQ	A L67D	10.432	1386
uby_1UBQ	A L67E	8.90824	1351
uby_1UBQ	A L67F	3.54324	1050
uby_1UBQ	A L67G	8.70572	1346
uby_1UBQ	A L67H	5.38731	1194
uby_1UBQ	A L67I	0.593672	564
uby_1UBQ	A L67K	12.3067	1411
uby_1UBQ	A L67M	3.8371	1084
uby_1UBQ	A L67N	6.17363	1256
uby_1UBQ	A L67P	7.86065	1323
uby_1UBQ	A L67Q	5.80316	1222
uby_1UBQ	A L67R	16.5175	1434
uby_1UBQ	A L67S	7.92259	1325
uby_1UBQ	A L67T	5.17652	1181
uby_1UBQ	A L67V	2.63562	951
uby_1UBQ	A L67W	4.73866	1157
uby_1UBQ	A L67Y	7.2562	1302
uby_1UBQ	A H68A	0.732764	594
uby_1UBQ	A H68C	0.721014	590
uby_1UBQ	A H68D	3.4147	1036
uby_1UBQ	A H68E	1.23321	715
uby_1UBQ	A H68F	-1.87786	85
uby_1UBQ	A H68G	2.55615	943
uby_1UBQ	A H68I	-1.58816	111
uby_1UBQ	A H68K	-0.0255689	398
uby_1UBQ	A H68L	-2.24376	58
uby_1UBQ	A H68M	0.495163	539
uby_1UBQ	A H68N	0.541022	548
uby_1UBQ	A H68P	5.82028	1224
uby_1UBQ	A H68Q	-1.03017	185
uby_1UBQ	A H68R	1.75487	823
uby_1UBQ	A H68S	1.45713	769
uby_1UBQ	A H68T	0.063239	426
uby_1UBQ	A H68V	-1.49311	133
uby_1UBQ	A H68W	-1.78235	95
uby_1UBQ	A H68Y	-2.04599	77
uby_1UBQ	A L69A	6.45698	1270
uby_1UBQ	A L69C	5.58623	1209
uby_1UBQ	A L69D	9.24598	1361
uby_1UBQ	A L69E	8.7225	1347
uby_1UBQ	A L69F	1.80568	833
uby_1UBQ	A L69G	8.78091	1350
uby_1UBQ	A L69H	5.18431	1182
uby_1UBQ	A L69I	5.11217	1176
uby_1UBQ	A L69K	10.0413	1380
uby_1UBQ	A L69M	4.16107	1114
uby_1UBQ	A L69N	5.77506	1218
uby_1UBQ	A L69P	11.9307	1405
uby_1UBQ	A L69Q	5.70506	1213
uby_1UBQ	A L69R	10.9876	1391
uby_1UBQ	A L69S	7.03643	1294
uby_1UBQ	A L69T	6.48091	1272
uby_1UBQ	A L69V	5.44124	1198
uby_1UBQ	A L69W	2.62324	950
uby_1UBQ	A L69Y	5.26296	1185
uby_1UBQ	A V70A	1.16443	692
uby_1UBQ	A V70C	0.811927	610
uby_1UBQ	A V70D	3.357	1028
uby_1UBQ	A V70E	1.21211	707
uby_1UBQ	A V70F	-1.61918	108
uby_1UBQ	A V70G	2.5821	947
uby_1UBQ	A V70H	1.16223	691
uby_1UBQ	A V70I	0.29327	495
uby_1UBQ	A V70K	1.425	761
uby_1UBQ	A V70L	1.08895	676
uby_1UBQ	A V70M	1.07429	673
uby_1UBQ	A V70N	1.56398	787
uby_1UBQ	A V70P	3.8447	1087
uby_1UBQ	A V70Q	0.86884	623
uby_1UBQ	A V70R	3.08878	999
uby_1UBQ	A V70S	2.3831	920
uby_1UBQ	A V70T	2.72327	964
uby_1UBQ	A V70W	-0.873367	214
uby_1UBQ	A V70Y	-1.90513	82
uby_1UBQ	A L71A	3.39418	1033
uby_1UBQ	A L71C	3.72411	1070
uby_1UBQ	A L71D	5.96569	1247
uby_1UBQ	A L71E	4.60402	1147
uby_1UBQ	A L71F	0.213487	469
uby_1UBQ	A L71G	4.96355	1170
uby_1UBQ	A L71H	4.2286	1118
uby_1UBQ	A L71I	-0.0379981	395
uby_1UBQ	A L71K	4.13124	1110
uby_1UBQ	A L71M	1.69772	817
uby_1UBQ	A L71N	3.28691	1019
uby_1UBQ	A L71P	0.997967	651
uby_1UBQ	A L71Q	2.1762	892
uby_1UBQ	A L71R	2.18079	893
uby_1UBQ	A L71S	4.59743	1146
uby_1UBQ	A L71T	2.79205	973
uby_1UBQ	A L71V	0.67712	581
uby_1UBQ	A L71W	1.99061	861
uby_1UBQ	A L71Y	1.21999	708
uby_1UBQ	A R72A	-2.06738	76
uby_1UBQ	A R72C	-2.63281	35
uby_1UBQ	A R72D	-0.991879	193
uby_1UBQ	A R72E	-3.18157	20
uby_1UBQ	A R72F	-0.459432	289
uby_1UBQ	A R72G	-0.474129	286
uby_1UBQ	A R72H	-2.08542	72
uby_1UBQ	A R72I	-3.77741	7
uby_1UBQ	A R72K	-1.96267	78
uby_1UBQ	A R72L	-3.64456	9
uby_1UBQ	A R72M	-2.97982	26
uby_1UBQ	A R72N	-2.49471	45
uby_1UBQ	A R72P	0.407321	519
uby_1UBQ	A R72Q	-1.62796	106
uby_1UBQ	A R72S	-1.80201	93
uby_1UBQ	A R72T	-1.57389	117
uby_1UBQ	A R72V	-3.43497	14
uby_1UBQ	A R72W	-2.28093	55
uby_1UBQ	A R72Y	-2.07608	74
uby_1UBQ	A L73A	0.780206	606
uby_1UBQ	A L73C	1.03137	660
uby_1UBQ	A L73D	2.30163	910
uby_1UBQ	A L73E	1.40857	758
uby_1UBQ	A L73F	-0.988432	194
uby_1UBQ	A L73G	1.67516	811
uby_1UBQ	A L73H	0.69124	586
uby_1UBQ	A L73I	-1.08417	182
uby_1UBQ	A L73K	0.366046	510
uby_1UBQ	A L73M	0.726412	591
uby_1UBQ	A L73N	1.14248	687
uby_1UBQ	A L73P	-1.57767	115
uby_1UBQ	A L73Q	0.702287	588
uby_1UBQ	A L73R	1.3649	746
uby_1UBQ	A L73S	1.05575	666
uby_1UBQ	A L73T	0.688581	584
uby_1UBQ	A L73V	-0.904757	205
uby_1UBQ	A L73W	-0.404507	298
uby_1UBQ	A L73Y	-0.665005	258
uby_1UBQ	A R74A	-0.143949	377
uby_1UBQ	A R74C	-0.702136	249
uby_1UBQ	A R74D	-1.19592	167
uby_1UBQ	A R74E	0.480512	537
uby_1UBQ	A R74F	-3.22871	19
uby_1UBQ	A R74G	0.623944	568
uby_1UBQ	A R74H	-1.92211	80
uby_1UBQ	A R74I	-1.13294	175
uby_1UBQ	A R74K	0.0988491	436
uby_1UBQ	A R74L	-0.948469	200
uby_1UBQ	A R74M	-0.892832	208
uby_1UBQ	A R74N	-0.954428	199
uby_1UBQ	A R74P	-3.48834	12
uby_1UBQ	A R74Q	-0.869784	215
uby_1UBQ	A R74S	-0.343355	323
uby_1UBQ	A R74T	-0.462899	288
uby_1UBQ	A R74V	-1.36055	143
uby_1UBQ	A R74W	-1.91325	81
uby_1UBQ	A R74Y	-2.55389	42
uby_1UBQ	A G75A	6.90458	1290
uby_1UBQ	A G75C	5.88313	1234
uby_1UBQ	A G75D	5.8024	1220
uby_1UBQ	A G75E	5.94313	1240
uby_1UBQ	A G75F	6.2991	1267
uby_1UBQ	A G75H	5.38391	1193
uby_1UBQ	A G75I	7.67301	1317
uby_1UBQ	A G75K	4.41755	1133
uby_1UBQ	A G75L	3.59624	1055
uby_1UBQ	A G75M	3.62538	1062
uby_1UBQ	A G75N	4.00959	1100
uby_1UBQ	A G75P	105.698	1444
uby_1UBQ	A G75Q	11.3786	1395
uby_1UBQ	A G75R	6.18318	1257
uby_1UBQ	A G75S	5.86903	1231
uby_1UBQ	A G75T	6.00901	1251
uby_1UBQ	A G75V	7.70776	1319
uby_1UBQ	A G75W	4.87963	1168
uby_1UBQ	A G75Y	3.46441	1040
uby_1UBQ	A G76A	0.141067	449
uby_1UBQ	A G76C	0.0305769	416
uby_1UBQ	A G76D	0.465367	533
uby_1UBQ	A G76E	0.262815	482
uby_1UBQ	A G76F	0.777354	604
uby_1UBQ	A G76H	1.17973	696
uby_1UBQ	A G76I	-0.497612	282
uby_1UBQ	A G76K	-0.076247	388
uby_1UBQ	A G76L	-0.194102	363
uby_1UBQ	A G76M	1.11426	681
uby_1UBQ	A G76N	0.382192	514
uby_1UBQ	A G76P	1.45228	768
uby_1UBQ	A G76Q	0.080515	432
uby_1UBQ	A G76R	-0.0287471	397
uby_1UBQ	A G76S	-0.00443168	404
uby_1UBQ	A G76T	-0.153353	374
uby_1UBQ	A G76V	0.216397	471
uby_1UBQ	A G76W	-1.34184	146
uby_1UBQ	A G76Y	0.308025	499